Rk,Squad,MP,W,D,L,GF,GA,GD,Pts,Pts/MP,Attendance,Top Team Scorer,Goalkeeper,Notes,# Pl,Age,Poss,Gls_std,Ast_std,G+A_std,Gls_shoot,Sh,SoT,Sh/90,SoT/90,G/Sh,G/SoT
1,Lech Poznań,34,22,4,8,68,31,37,70,2.06,28.947,Mikael Ishak - 21,Bartosz Mrozek,→ Champions League via league finish,30,2026-06-25 00:00:00,58.8,67,49,116,67,531,183,15.62,5.38,0.12,0.34
2,Raków,34,20,9,5,51,23,28,69,2.03,5.427,Jonatan Braut Brunes - 14,Kacper Trelowski,→ Conference League via league finish,29,2026-03-26 00:00:00,52.3,50,37,87,50,469,164,13.79,4.82,0.1,0.28
3,Jagiellonia,34,17,10,7,56,42,14,61,1.79,16.475,Jesús Imaz - 16,Sławomir Abramowicz,→ Conference League via league finish,30,2026-04-26 00:00:00,54.4,55,40,95,55,480,152,14.12,4.47,0.1,0.33
4,Pogoń Szczecin,34,17,7,10,59,40,19,58,1.71,17.792,Efthimis Koulouris - 28,Valentin Cojocaru,,26,2026-01-28 00:00:00,55.8,56,38,94,56,513,180,15.09,5.29,0.1,0.28
5,Legia Warsaw,34,15,9,10,60,45,15,54,1.59,24.691,"Marc Gual, Bartosz Kapustka - 9",Kacper Tobiasz,→ Europa League via cup win,36,2026-07-26 00:00:00,53.9,59,39,98,59,520,172,15.29,5.06,0.1,0.3
6,Cracovia,34,14,9,11,58,53,5,51,1.5,11.398,Benjamin Källman - 18,Henrich Ravas,,31,27.0,47.1,55,38,93,55,471,146,13.85,4.29,0.1,0.34
7,Motor Lublin,34,14,7,13,48,59,-11,49,1.44,13.43,Samuel Mráz - 16,Kacper Rosa,,31,2026-06-26 00:00:00,47.7,47,36,83,47,449,139,13.21,4.09,0.1,0.32
8,Katowice,34,14,7,13,49,47,2,49,1.44,8.905,Sebastian Bergier - 9,Dawid Kudła,,26,29.0,48.7,46,33,79,46,499,157,14.68,4.62,0.09,0.27
9,Górnik Zabrze,34,13,8,13,43,39,4,47,1.38,17.129,Luka Zahović - 8,Michał Szromnik,,31,2026-09-26 00:00:00,56.8,43,36,79,43,502,164,14.76,4.82,0.08,0.25
10,Piast Gliwice,34,11,12,11,37,36,1,45,1.32,5.667,Jorge Félix - 7,František Plach,,30,2026-09-27 00:00:00,48.6,35,19,54,35,456,143,13.41,4.21,0.07,0.22
11,Korona Kielce,34,11,12,11,37,45,-8,45,1.32,11.139,Adrián Dalmau - 10,"Xavier Dziekonski, Rafal Mamla",,30,2026-04-25 00:00:00,47.2,36,25,61,36,451,135,13.26,3.97,0.07,0.23
12,Radomiak Radom,34,11,8,15,48,52,-4,41,1.21,7.478,Leonardo Rocha - 11,Maciej Kikolski,,35,2026-08-26 00:00:00,47.8,45,33,78,45,476,143,14.0,4.21,0.09,0.29
13,Widzew Łódź,34,11,7,16,38,49,-11,40,1.18,16.825,Imad Rondić - 9,Rafał Gikiewicz,,31,2026-06-26 00:00:00,49.6,35,22,57,35,424,121,12.47,3.56,0.08,0.27
14,Lechia Gdańsk,34,10,7,17,44,59,-15,37,1.09,11.999,Tomáš Bobček - 8,Szymon Weirauch,,24,2026-02-23 00:00:00,48.4,44,28,72,44,426,142,12.53,4.18,0.09,0.27
15,Zagłębie Lubin,34,10,6,18,33,51,-18,36,1.06,5.349,Tomasz Pieńko - 7,Dominik Hładun,,33,2026-08-25 00:00:00,46.3,33,21,54,33,492,149,14.47,4.38,0.06,0.2
16,Stal Mielec,34,7,10,17,39,56,-17,31,0.91,4.945,Piotr Wlazło - 10,Jakub Mądrzyk,Relegated,30,2026-09-27 00:00:00,49.0,39,25,64,39,459,142,13.5,4.18,0.07,0.21
17,Śląsk Wrocław,34,6,12,16,38,53,-15,30,0.88,18.825,Assad Al Hamalawi - 7,Rafał Leszczyński,Relegated,36,2026-03-25 00:00:00,48.6,36,25,61,36,489,142,14.38,4.18,0.07,0.24
18,Puszcza Niepołomice,34,6,10,18,37,63,-26,28,0.82,2.159,Michalis Kosidis - 8,Kewin Komar,Relegated,33,2026-01-27 00:00:00,40.0,37,20,57,37,374,117,11.0,3.44,0.08,0.26
